method,negative_bic,rss,n,parameters
No TAM feedback,443606.93729358166,1e-09,14640,21
APEX-II,443597.34578079416,1e-09,14640,22
Expert-prior APEX-II,115945.02694272151,5.2488667307039005,14640,21
Linear displacement,92839.88063316156,25.437706187472553,14640,21
No DAG coupling,91984.84210939241,27.07383565236787,14640,15
Uniform topology,91975.2505966049,27.07383565236787,14640,16
Single-regime linear,78180.0153439832,69.55901947764946,14640,14
APEX-I additive,77855.67304741942,71.07068632335128,14640,15
